title,link,date_text,datetime
Harvard Public Policy Leadership Conference 2026 (Fully Funded),https://opportunitiescorners.com/harvard-public-policy-leadership-conference-2026/,"May 15, 2026",2026-05-15T13:11:04+00:00
600 Melbourne Graduate Research Scholarship 2027 (Fully Funded),https://opportunitiescorners.com/university-of-melbourne-graduate-research-scholarships-2027/,"May 15, 2026",2026-05-15T10:41:08+00:00
British Council UK 90th Anniversary Fellowship 2027 (Fully Funded),https://opportunitiescorners.com/british-council-uk-90th-anniversary-fellowship-2027/,"May 14, 2026",2026-05-14T12:38:30+00:00
European Parliament Schuman Traineeships 2026 (Stipend+Travel),https://opportunitiescorners.com/european-parliament-schuman-traineeships-2026/,"May 14, 2026",2026-05-14T09:22:52+00:00
Global Youth Impact Summit 2026 in Portugal (GYIS),https://opportunitiescorners.com/global-youth-impact-summit-2026-in-portugal/,"May 13, 2026",2026-05-13T16:06:41+00:00
RIFS Fellows Program 2027 in Germany (Fully Funded),https://opportunitiescorners.com/rifs-fellows-program-2027/,"May 13, 2026",2026-05-13T12:15:05+00:00
Global Peace Photo Award 2026 (Fully Funded Trip to Austria),https://opportunitiescorners.com/global-peace-photo-award-2026/,"May 12, 2026",2026-05-12T13:02:02+00:00
OYW ICMM Young Scholarship 2026 South Africa (Fully Funded),https://opportunitiescorners.com/oyw-icmm-young-scholarship-south-africa/,"May 12, 2026",2026-05-12T11:04:19+00:00
Universal Youth Leadership Summit 2026 in Indonesia (Funded),https://opportunitiescorners.com/universal-youth-leadership-summit-2026-in-indonesia/,"May 11, 2026",2026-05-11T13:56:12+00:00
CIVICUS Research Internship 2026 (USD600 Stipend/Month),https://opportunitiescorners.com/civicus-research-internship/,"May 11, 2026",2026-05-11T08:28:45+00:00
Singapore Asia Journalism Fellowship 2026 (Fully Funded),https://opportunitiescorners.com/singapore-asia-journalism-fellowship/,"May 10, 2026",2026-05-10T11:11:18+00:00
2026 NASA OSTEM Internship in USA (PAID),https://opportunitiescorners.com/nasa-ostem-internship-2026/,"May 9, 2026",2026-05-09T11:49:11+00:00
